{"Question_num":{"data_type":"numeric",
"question_name":"Codieren Sie Ihr Alter?",
"Answer_nr":1,
"Answer_Str":"NA",
"range":[0,120],
"Img_Nr":null,
"Img_paths":[],
"Shiny_Widgets_type":"numInput"},
"Question_num":{"data_type":"numeric",
"question_name":"Codieren Sie Ihre Köpergröße (cm)?",
"Answer_nr":1,
"Answer_Str":"NA",
"range":[40,250],
"Img_Nr":null,
"Img_paths":[],
"Shiny_Widgets_type":"numInput"},
"Question_num":{"data_type":"numeric",
"question_name":"Codieren Sie Ihr Köpergewicht?",
"Answer_nr":1,
"Answer_Str":"NA",
"range":[10,400],
"Img_Nr":null,
"Img_paths":[],
"Shiny_Widgets_type":"numInput"},
"Question_Se":{"data_type":"non_numeric",
"question_name":"Geschlecht",
"Answer_nr":3,
"Answer_Str":["Männlich","Weiblich","Intersex"],
"Img_Nr":null,
"Img_paths":[],
"Shiny_Widgets_type":"SelectInput"},
"Question_RBn":{"data_type":"numeric",
"question_name":"Seit wann bestehen diese Schmerzen?",
"Answer_nr":6,
"Answer_Str":["weniger als 1 Monat","1 Monat bis 1/2 Jahr","1/2 Jahr bis 1 Jahr","1 bis 2 Jahre","2 bis 5 Jahre","mehr als 5 Jahre"],
"Img_Nr":null,
"Img_paths":[],
"Shiny_Widgets_type":"RBn"},
"Question_date":{"data_type":"non_numeric",
"question_name":"Gibt es ein genaues Datum.ab dem die Schmerzen aufgetreten sind?",
"Answer_nr":1,"Answer_Str":"NA","Img_Nr":null,"Img_paths":[],"Shiny_Widgets_type":"DateInput"},
"Question_RBn":{"data_type":"numeric",
"question_name":"Welche der Aussagen trifft auf Ihre Schmerzen in den letzten 4 Wochen am besten zu?(Bitte nur eine Abgabe machen!)","Answer_nr":4,"Answer_Str":["a) Dauerschmerz mit leichten Schwankungen","b) Dauerschmerz mit starken Schwankungen","c) Schmerzattacken dazwischen schmerzfrei","d) Schmerzattacken,auch dazwischen Schmerzen"],"Img_Nr":4,"Img_paths":["a.PNG","b.PNG","c.PNG","d.PNG",17660,18560,17228,16910,"image/png","image/png","image/png","image/png","C:\\Users\\asus\\AppData\\Local\\Temp\\Rtmpi6vtCg/5f7d0a54d6f9458d04fdb0c6/0.PNG","C:\\Users\\asus\\AppData\\Local\\Temp\\Rtmpi6vtCg/5f7d0a54d6f9458d04fdb0c6/1.PNG","C:\\Users\\asus\\AppData\\Local\\Temp\\Rtmpi6vtCg/5f7d0a54d6f9458d04fdb0c6/2.PNG","C:\\Users\\asus\\AppData\\Local\\Temp\\Rtmpi6vtCg/5f7d0a54d6f9458d04fdb0c6/3.PNG"],"Shiny_Widgets_type":"RBn"},
"Question_RBn":{"data_type":"numeric",
"question_name":"Wie oft treten diese Attacken durchschnittlich auf?",
"Answer_nr":7,
"Answer_Str":["mehrfach täglich","einmal täglich","mehrfach wöchentlich","einmal wochentlich","mehrfach monatlich","einmal monatlich","seltener"],
"Img_Nr":null,
"Img_paths":[],
"Shiny_Widgets_type":"RBn"},
"Question_RBn":{"data_type":"numeric",
"question_name":"wie lange dauern diese Attacken durchschnittlich?",
"Answer_nr":5,
"Answer_Str":["Sekunden","Minuten","Stunden","bis zu drei Tagen","länger als drei Tage"],"Img_Nr":null,"Img_paths":[],"Shiny_Widgets_type":"RBn"},
"Question_RBn":{"data_type":"numeric","question_name":"Sind Ihre Schmerzen zu bestimmten Tageszeiten besonders stark?","Answer_nr":6,
"Answer_Str":["nein","ja,morgens","ja,mittags","ja,nachmittags","ja,abends","ja,nachts"],"Img_Nr":null,"Img_paths":[],"Shiny_Widgets_type":"RBn"},
"Question_RBn":{"data_type":"numeric",
"question_name":"Ich empfinde meine Schmerzen als dumpf","Answer_nr":4,
"Answer_Str":["trifft genau zu","trifft weitergehend zu","trifft ein wenig zu","trifft nicht zu"],"Img_Nr":null,"Img_paths":[],"Shiny_Widgets_type":"RBn"},
"Question_RBn":{"data_type":"numeric",
"question_name":"Ich empfinde meine Schmerzen als drückend","Answer_nr":4,"Answer_Str":["trifft genau zu","trifft weitergehend zu","trifft ein wenig zu","trifft nicht zu"],"Img_Nr":null,"Img_paths":[],"Shiny_Widgets_type":"RBn"},
"Question_RBn":{"data_type":"numeric",
"question_name":"Ich empfinde meine Schmerzen als pochend","Answer_nr":4,"Answer_Str":["trifft genau zu","trifft weitergehend zu","trifft ein wenig zu","trifft nicht zu"],"Img_Nr":null,"Img_paths":[],"Shiny_Widgets_type":"RBn"},
"Question_RBn":{"data_type":"numeric",
"question_name":"Ich empfinde meine Schmerzen als klopfend","Answer_nr":4,"Answer_Str":["trifft genau zu","trifft weitergehend zu","trifft ein wenig zu","trifft nicht zu"],"Img_Nr":null,"Img_paths":[],"Shiny_Widgets_type":"RBn"},
"Question_RBn":{"data_type":"numeric",
"question_name":"Ich empfinde meine Schmerzen als stechend","Answer_nr":4,"Answer_Str":["trifft genau zu","trifft weitergehend zu","trifft ein wenig zu","trifft nicht zu"],"Img_Nr":null,"Img_paths":[],"Shiny_Widgets_type":"RBn"},
"Question_RBn":{"data_type":"numeric",
"question_name":"Ich empfinde meine Schmerzen als ziehend","Answer_nr":4,"Answer_Str":["trifft genau zu","trifft weitergehend zu","trifft ein wenig zu","trifft nicht zu"],"Img_Nr":null,"Img_paths":[],"Shiny_Widgets_type":"RBn"},
"Question_RBn":{"data_type":"numeric",
"question_name":"Ich empfinde meine Schmerzen als heiß","Answer_nr":4,"Answer_Str":["trifft genau zu","trifft weitergehend zu","trifft ein wenig zu","trifft nicht zu"],"Img_Nr":null,"Img_paths":[],"Shiny_Widgets_type":"RBn"},
"Question_RBn":{"data_type":"numeric",
"question_name":"Ich empfinde meine Schmerzen als brennend","Answer_nr":4,"Answer_Str":["trifft genau zu","trifft weitergehend zu","trifft ein wenig zu","trifft nicht zu"],"Img_Nr":null,"Img_paths":[],"Shiny_Widgets_type":"RBn"},
"Question_RBn":{"data_type":"numeric",
"question_name":"Ich empfinde meine Schmerzen als elend","Answer_nr":4,"Answer_Str":["trifft genau zu","trifft weitergehend zu","trifft ein wenig zu","trifft nicht zu"],"Img_Nr":null,"Img_paths":[],"Shiny_Widgets_type":"RBn"},
"Question_RBn":{"data_type":"numeric",
"question_name":"Ich empfinde meine Schmerzen als schauderhaft","Answer_nr":4,"Answer_Str":["trifft genau zu","trifft weitergehend zu","trifft ein wenig zu","trifft nicht zu"],"Img_Nr":null,"Img_paths":[],"Shiny_Widgets_type":"RBn"},
"Question_RBn":{"data_type":"numeric",
"question_name":"Ich empfinde meine Schmerzen als scheußlich","Answer_nr":4,"Answer_Str":["trifft genau zu","trifft weitergehend zu","trifft ein wenig zu","trifft nicht zu"],"Img_Nr":null,"Img_paths":[],"Shiny_Widgets_type":"RBn"},
"Question_RBn":{"data_type":"numeric",
"question_name":"Ich empfinde meine Schmerzen als fruchtbar","Answer_nr":4,"Answer_Str":["trifft genau zu","trifft weitergehend zu","trifft ein wenig zu","trifft nicht zu"],"Img_Nr":null,"Img_paths":[],"Shiny_Widgets_type":"RBn"},
"Question_RBn":{"data_type":"numeric",
"question_name":"Leiden Sie in den eingezeichneten Bereichen an einem Brenngefühl (z.B. Brennesseln?)","Answer_nr":6,"Answer_Str":["nie","kaum","gering","mittel","stark","sehr stark"],"Img_Nr":null,"Img_paths":[],"Shiny_Widgets_type":"RBn"},
"Question_RBn":{"data_type":"numeric",
"question_name":"Haben Sie im Bereich ihrer Schmerzen ein kribbel- oder Pickelgefühl (wie Ameisenlaufen,Stromkribbeln)?","Answer_nr":6,"Answer_Str":["nie","kaum","gering","mittel","stark","sehr stark"],"Img_Nr":null,"Img_paths":[],"Shiny_Widgets_type":"RBn"},
"Question_RBn":{"data_type":"numeric","question_name":"Ist leichte Berührung (Kleidung,Bettdecke) in diesem Bereich schmerzhaft?","Answer_nr":6,"Answer_Str":["nie","kaum","gering","mittel","stark","sehr stark"],"Img_Nr":null,"Img_paths":[],"Shiny_Widgets_type":"RBn"},
"Question_RBn":{"data_type":"numeric","question_name":"Haben Sie im Bereich ihrer Schmerzen blitzartig,elektrisierende Schmerzattacken?","Answer_nr":6,"Answer_Str":["nie","kaum","gering","mittel","stark","sehr stark"],"Img_Nr":null,"Img_paths":[],"Shiny_Widgets_type":"RBn"},
"Question_RBn":{"data_type":"numeric","question_name":"Ist Kälte oder Wärme (Badewannenwasser) in diesem Bereich gelegentlich schmerzhaft?","Answer_nr":6,"Answer_Str":["nie","kaum","gering","mittel","stark","sehr stark"],"Img_Nr":null,"Img_paths":[],"Shiny_Widgets_type":"RBn"},
"Question_RBn":{"data_type":"numeric","question_name":"Leiden Sie in den von Ihnen eingezeichneten Bereichen unter Taubheitsgefühl?","Answer_nr":6,"Answer_Str":["nie","kaum","gering","mittel","stark","sehr stark"],"Img_Nr":null,"Img_paths":[],"Shiny_Widgets_type":"RBn"},
"Question_RBn":{"data_type":"numeric","question_name":"Löst ein leichter Druck z.B.mit dem Finger in diesem Bereich Schmerzen aus?","Answer_nr":6,"Answer_Str":["nie","kaum","gering","mittel","stark","sehr stark"],"Img_Nr":null,"Img_paths":[],"Shiny_Widgets_type":"RBn"},
"Question_Arzte":{"data_type":"non_numeric","question_name":null,"Answer_nr":null,"Answer_Str":null,"Img_Nr":null,"Img_paths":[],"Shiny_Widgets_type":"selectInput"}}
