{
  "cultural_date_format": "%d-%m-%Y",
  "languages": ["en", "de"],
  "translation": [
      {"en": "Pain2D-Survey", "de": "Pain2D-Survey"},
      {"en": "Please select the Questionnaire", "de": "Bitte wählen Sie den Fragebogen aus"},
      {"en": "Is there no existing questionnaire? Then make a questionnaire!!!", "de": "Gibt es keinen vorhandenen Fragebogen? Dann mach einen Fragebogen !!!"},
      {"en": "questionnaire evalute", "de": "Fragebogen auswerten"},
      {"en": "Start", "de": "Beginn"},
      {"en": "Back", "de": "Zurück"},
      {"en": "Choose questionaire element", "de": "Fragebogen element auswählen "},
      {"en": "Multiple choice", "de": "Mehrfachauswahl"},
      {"en": "Single choice", "de": "Einfachauswahl"},
      {"en": "Text", "de": "Text"},
      {"en": "Number", "de": "Nummer"},
      {"en": "Date", "de": "Datum"},
      {"en": "Select", "de": "Auswahl"},
      {"en": "For Doctor", "de": "Für Ärzte"},
      {"en": "Linkage", "de": "Verknüpfung"},
      {"en": "create question", "de": "Frage erstellen"},
      {"en": "Questionnaire template", "de": "Fragebogen Muster"},
      {"en": "Please enter the two question numbers to be exchanged: ", "de": "Bitte geben Sie die beiden auszutauschenden Fragenummern ein:"},
      {"en": "Change", "de": "austauschen"},
      {"en": "Upload Questionaire", "de": "Fragebogen hochladen"},
      {"en": "Upload", "de": "Hochladen"},
      {"en": "Save", "de": "Speichern"},
      {"en": "Do you really want to exit this page?", "de": "Möchten Sie diese Webseite wirklich verlassen?"},
      {"en": "Cancel", "de": "Schließen"},     
      {"en": "Please select the data of Questionnaire", "de": "Bitte wählen Sie die Daten des Fragebogens aus"},
      {"en": "Download", "de": "Herunterladen"},
      {"en": "DownloadAll", "de": "Alles herunterladen"}
    ]
}
