{"Question_checkbox":{"data_type":"numeric","question_name":"Welche Tier liebst du","Answer_nr":3,"Answer_Str":["Hund","Katze","Tiger"],"Img_Nr":null,"Img_paths":[],"Shiny_Widgets_type":"checkboxGroupInput"},"Question_RBn":{"data_type":"numeric","question_name":"Liebst du Hund","Answer_nr":2,"Answer_Str":["ja","nein"],"Img_Nr":null,"Img_paths":[],"Shiny_Widgets_type":"radioButtons"},"Question_text":{"data_type":"non_numeric","question_name":"Wie heisst du","Answer_nr":1,"Answer_Str":"NA","Img_Nr":null,"Img_paths":[],"Shiny_Widgets_type":"TextInput"},"Question_date":{"data_type":"non_numeric","question_name":"Heute ","Answer_nr":1,"Answer_Str":"NA","Img_Nr":null,"Img_paths":[],"Shiny_Widgets_type":"DateInput"},"Question_Range":{"data_type":"numeric","question_name":"","Answer_nr":6,"Answer_Str":null,"Img_Nr":null,"Img_paths":[],"Shiny_Widgets_type":"selectInput"}}
